book_name,book_category,currency,book_price,book_link
Gikuyu na Magongona by Vincent Kieya,Society & Culture,KShs,"1,000.00",https://nuriakenya.com/product/gikuyu-na-magongona-by-vincent-kieya/
THE TONGUE BETWEEN THE TEETH by Husse...,Novels,KShs,"1,300.00",https://nuriakenya.com/product/gikuyu-na-magongona-by-vincent-kieya/
"Daudi anapika, grade 2",Picture Storybooks,KShs,350.00,https://nuriakenya.com/product/gikuyu-na-magongona-by-vincent-kieya/
BENNY AND GRIFFIN by Bill Kinaro,Fiction,KShs,700.00,https://nuriakenya.com/product/gikuyu-na-magongona-by-vincent-kieya/
Intersex persons and the law in Kenya...,Gender Studies,KShs,"2,300.00",https://nuriakenya.com/product/gikuyu-na-magongona-by-vincent-kieya/
THE FORTITUDE OF THE RESILIENT by ANT...,Motivation & Self Help,KShs,"1,500.00",https://nuriakenya.com/product/gikuyu-na-magongona-by-vincent-kieya/
Dago wa Munje,Books,KShs,800.00,https://nuriakenya.com/product/gikuyu-na-magongona-by-vincent-kieya/
Kivuli Kinaishi,Books,KShs,"1,044.00",https://nuriakenya.com/product/gikuyu-na-magongona-by-vincent-kieya/
Power System Protection and Switch,Books,KShs,"1,860.00",https://nuriakenya.com/product/gikuyu-na-magongona-by-vincent-kieya/
Seth the Silly Gorilla,Books,KShs,712.00,https://nuriakenya.com/product/gikuyu-na-magongona-by-vincent-kieya/
When Bullets Begin to Flower,Books,KShs,"1,130.00",https://nuriakenya.com/product/gikuyu-na-magongona-by-vincent-kieya/
How Stories Began 11,Books,KShs,778.00,https://nuriakenya.com/product/gikuyu-na-magongona-by-vincent-kieya/
Toko and the Lost Kittens,Books,KShs,732.00,https://nuriakenya.com/product/gikuyu-na-magongona-by-vincent-kieya/
Why slug likes it cool,Books,KShs,705.00,https://nuriakenya.com/product/gikuyu-na-magongona-by-vincent-kieya/
Two Foolish Bulls,Books,KShs,742.00,https://nuriakenya.com/product/gikuyu-na-magongona-by-vincent-kieya/
Siku za Mashaka,Books,KShs,894.00,https://nuriakenya.com/product/gikuyu-na-magongona-by-vincent-kieya/
Why Beetles Roll Cowdung,Books,KShs,797.00,https://nuriakenya.com/product/gikuyu-na-magongona-by-vincent-kieya/
Miraba and Proud Vuno,Books,KShs,677.00,https://nuriakenya.com/product/gikuyu-na-magongona-by-vincent-kieya/
It looks like a goat,Books,KShs,783.00,https://nuriakenya.com/product/gikuyu-na-magongona-by-vincent-kieya/
Usborne Fingerprint activities Animals,Books,KShs,"1,960.00",https://nuriakenya.com/product/gikuyu-na-magongona-by-vincent-kieya/
Alka Read yourself Level 1 Assorted,Books,KShs,640.00,https://nuriakenya.com/product/alka-read-yourself-level-1-assorted/
Alka Easy Colour (12×12) Assorted,Books,KShs,610.00,https://nuriakenya.com/product/alka-read-yourself-level-1-assorted/
African Mammals to Read Colour and Keep,Books,KShs,"1,500.00",https://nuriakenya.com/product/alka-read-yourself-level-1-assorted/
Tales From the Blue Forest,Books,KShs,797.00,https://nuriakenya.com/product/alka-read-yourself-level-1-assorted/
Toko and the Dog with One Ear,Books,KShs,732.00,https://nuriakenya.com/product/alka-read-yourself-level-1-assorted/
"Sheila, Let’s Write to God",Books,KShs,810.00,https://nuriakenya.com/product/alka-read-yourself-level-1-assorted/
Mzee Mmoja Goes to the City,Books,KShs,791.00,https://nuriakenya.com/product/alka-read-yourself-level-1-assorted/
A Wild Kick,Books,KShs,742.00,https://nuriakenya.com/product/alka-read-yourself-level-1-assorted/
Watch Out Man Mtu,Books,KShs,707.00,https://nuriakenya.com/product/alka-read-yourself-level-1-assorted/
The Hide and Seek Game,Books,KShs,759.00,https://nuriakenya.com/product/alka-read-yourself-level-1-assorted/
Bidii the Bee,Books,KShs,691.00,https://nuriakenya.com/product/alka-read-yourself-level-1-assorted/
Monzi and Mama’s Stories,Books,KShs,677.00,https://nuriakenya.com/product/alka-read-yourself-level-1-assorted/
Kombamwiko na hoteli ya nyota tano,Books,KShs,797.00,https://nuriakenya.com/product/alka-read-yourself-level-1-assorted/
Jennifer and Jojo,Books,KShs,765.00,https://nuriakenya.com/product/alka-read-yourself-level-1-assorted/
Kheri’s Goal,Books,KShs,725.00,https://nuriakenya.com/product/alka-read-yourself-level-1-assorted/
Kajogoo 4c,Books,KShs,725.00,https://nuriakenya.com/product/alka-read-yourself-level-1-assorted/
THE BAD RAT,Books,KShs,700.00,https://nuriakenya.com/product/alka-read-yourself-level-1-assorted/
EKAS COLOURING BOOK 2,Books,KShs,740.00,https://nuriakenya.com/product/alka-read-yourself-level-1-assorted/
Past Perfect,Books,KShs,"1,310.00",https://nuriakenya.com/product/alka-read-yourself-level-1-assorted/
Y is for Yesterday,Books,KShs,"1,110.00",https://nuriakenya.com/product/alka-read-yourself-level-1-assorted/
Judy Moody and the Bucket List,Books,KShs,"1,200.00",https://nuriakenya.com/product/judy-moody-and-the-bucket-list/
BibleForce The First Heroes Bible,Children's Books,KShs,"2,510.00",https://nuriakenya.com/product/judy-moody-and-the-bucket-list/
Accidental Heroes(small),Books,KShs,"1,310.00",https://nuriakenya.com/product/judy-moody-and-the-bucket-list/
BW- Now I can Read Fairy Tales (Large...,Children'S / Teenage Fiction & True Stories,KShs,"1,310.00",https://nuriakenya.com/product/judy-moody-and-the-bucket-list/
BW- Now I can Read Animal Stories (NC...,Children's Books,KShs,"1,310.00",https://nuriakenya.com/product/judy-moody-and-the-bucket-list/
Usborne Lift-the-Flap Colours,Books,KShs,"1,960.00",https://nuriakenya.com/product/judy-moody-and-the-bucket-list/
Magic Tree House #20: Dingoes at Dinn...,Children's Books,KShs,900.00,https://nuriakenya.com/product/judy-moody-and-the-bucket-list/
Magic tree house #11: Dark day in the...,Children's Books,KShs,900.00,https://nuriakenya.com/product/judy-moody-and-the-bucket-list/
First book of Tales from the Bible (A...,Children's Books,KShs,"1,060.00",https://nuriakenya.com/product/judy-moody-and-the-bucket-list/
First book of Prayers for Children (A...,Books,KShs,"1,060.00",https://nuriakenya.com/product/judy-moody-and-the-bucket-list/
First book of the Lord’s Prayer...,Children's Books,KShs,"1,060.00",https://nuriakenya.com/product/judy-moody-and-the-bucket-list/
First book of Prayers and Graces (Award),Books,KShs,"1,060.00",https://nuriakenya.com/product/judy-moody-and-the-bucket-list/
Alka Easy Reading series Grade 01 (36...,Books,KShs,610.00,https://nuriakenya.com/product/judy-moody-and-the-bucket-list/
Alka Easy Reading series Grade 02 (36...,Books,KShs,610.00,https://nuriakenya.com/product/judy-moody-and-the-bucket-list/
Pages & Co: Tilly and the Bookwo...,Books,KShs,"1,600.00",https://nuriakenya.com/product/judy-moody-and-the-bucket-list/
Necropolis,Books,KShs,"1,700.00",https://nuriakenya.com/product/judy-moody-and-the-bucket-list/
Night rise,Books,KShs,"1,500.00",https://nuriakenya.com/product/judy-moody-and-the-bucket-list/
"You’re Amazing, Anna Hibiscus!",Books,KShs,"1,260.00",https://nuriakenya.com/product/judy-moody-and-the-bucket-list/
Running Wild,Books,KShs,"1,700.00",https://nuriakenya.com/product/judy-moody-and-the-bucket-list/
Running Wild,Books,KShs,"1,700.00",https://nuriakenya.com/product/judy-moody-and-the-bucket-list/
Trace & Track book – Adven...,Books,KShs,"1,200.00",https://nuriakenya.com/product/trace-track-book-adventure-ttbo2-north-parade-publishing/
Trace & Track book – Holid...,Books,KShs,910.00,https://nuriakenya.com/product/trace-track-book-adventure-ttbo2-north-parade-publishing/
Flash Cards Animal Trivia 50 quiz FGS...,Books,KShs,"1,100.00",https://nuriakenya.com/product/trace-track-book-adventure-ttbo2-north-parade-publishing/
DK-Woodwork Step by Step (SP),Diy,KShs,"1,500.00",https://nuriakenya.com/product/trace-track-book-adventure-ttbo2-north-parade-publishing/
Gamba the Gecko wants to Drum,Books,KShs,770.00,https://nuriakenya.com/product/trace-track-book-adventure-ttbo2-north-parade-publishing/
Usborne Illustrated Bible stories,Children's Books,KShs,"2,760.00",https://nuriakenya.com/product/trace-track-book-adventure-ttbo2-north-parade-publishing/
Usborne Children’s Bible,Children's Books,KShs,"2,500.00",https://nuriakenya.com/product/trace-track-book-adventure-ttbo2-north-parade-publishing/
Usborne First Encyclopedia of Our World,Books,KShs,"2,000.00",https://nuriakenya.com/product/trace-track-book-adventure-ttbo2-north-parade-publishing/
Usborne Lift-the-Flap Picture Atlas,Children's Books,KShs,"2,260.00",https://nuriakenya.com/product/trace-track-book-adventure-ttbo2-north-parade-publishing/
Usborne Baby’s Very First Nurse...,Books,KShs,"2,460.00",https://nuriakenya.com/product/trace-track-book-adventure-ttbo2-north-parade-publishing/
Usborne Baby’s very first Natur...,Books,KShs,"2,460.00",https://nuriakenya.com/product/trace-track-book-adventure-ttbo2-north-parade-publishing/
Alka 121 Aesop Fables,Books,KShs,"1,010.00",https://nuriakenya.com/product/trace-track-book-adventure-ttbo2-north-parade-publishing/
Alka 121 Bedtime Stories,Books,KShs,"1,010.00",https://nuriakenya.com/product/trace-track-book-adventure-ttbo2-north-parade-publishing/
Learn how to do (Assorted 6) Alka,Books,KShs,710.00,https://nuriakenya.com/product/trace-track-book-adventure-ttbo2-north-parade-publishing/
Read It Yourself with Lady Bird Level...,Books,KShs,710.00,https://nuriakenya.com/product/trace-track-book-adventure-ttbo2-north-parade-publishing/
Alka 121 Fairy Tales,Books,KShs,960.00,https://nuriakenya.com/product/trace-track-book-adventure-ttbo2-north-parade-publishing/
Alka 121 Grandma Stories,Books,KShs,910.00,https://nuriakenya.com/product/trace-track-book-adventure-ttbo2-north-parade-publishing/
Bible stories the Last Supper (B.Jain),Children's Books,KShs,690.00,https://nuriakenya.com/product/trace-track-book-adventure-ttbo2-north-parade-publishing/
Bible stories Jacob stole Esau’...,Children's Books,KShs,690.00,https://nuriakenya.com/product/trace-track-book-adventure-ttbo2-north-parade-publishing/
Tiny Town Let’s go to the Shops...,Books,KShs,"1,110.00",https://nuriakenya.com/product/trace-track-book-adventure-ttbo2-north-parade-publishing/
BW- Under the Sea Animal Word Sticker...,Children's Books,KShs,810.00,https://nuriakenya.com/product/bw-under-the-sea-animal-word-sticker-ast1-4/
BW- Illustrated Unicorn & Fairy ...,Short Stories (Children's / Teenage),KShs,"1,900.00",https://nuriakenya.com/product/bw-under-the-sea-animal-word-sticker-ast1-4/
BW- Illustrated Animal Stories,Children's Books,KShs,"1,900.00",https://nuriakenya.com/product/bw-under-the-sea-animal-word-sticker-ast1-4/
Bw- Now I can Read Princess stories,Fantasy & Magical Realism (Children's / Teenage),KShs,"1,310.00",https://nuriakenya.com/product/bw-under-the-sea-animal-word-sticker-ast1-4/
Alka Easy Reading series Grade 04 (36...,Books,KShs,610.00,https://nuriakenya.com/product/bw-under-the-sea-animal-word-sticker-ast1-4/
Alka Easy Reading Grade 03 (36×3...,Books,KShs,610.00,https://nuriakenya.com/product/bw-under-the-sea-animal-word-sticker-ast1-4/
Jaws Specials 50,Books,KShs,560.00,https://nuriakenya.com/product/bw-under-the-sea-animal-word-sticker-ast1-4/
Alka All About Me Assorted,Books,KShs,640.00,https://nuriakenya.com/product/bw-under-the-sea-animal-word-sticker-ast1-4/
What I Know For Sure,Books,KShs,"2,360.00",https://nuriakenya.com/product/bw-under-the-sea-animal-word-sticker-ast1-4/
Hyperfocus: How to work less and achi...,Books,KShs,"2,200.00",https://nuriakenya.com/product/bw-under-the-sea-animal-word-sticker-ast1-4/
Leadership Strategy and Tactics: Fiel...,Books,KShs,"2,860.00",https://nuriakenya.com/product/bw-under-the-sea-animal-word-sticker-ast1-4/
Amnesty,Books,KShs,"2,000.00",https://nuriakenya.com/product/bw-under-the-sea-animal-word-sticker-ast1-4/
Kaizen (Bluebird),Books,KShs,"2,960.00",https://nuriakenya.com/product/bw-under-the-sea-animal-word-sticker-ast1-4/
"Coders: Who they are, what they think",Books,KShs,"1,700.00",https://nuriakenya.com/product/bw-under-the-sea-animal-word-sticker-ast1-4/
One Good Deed (Baldacci- Small),Books,KShs,"1,500.00",https://nuriakenya.com/product/bw-under-the-sea-animal-word-sticker-ast1-4/
Alka My First Board book Shapes,Books,KShs,660.00,https://nuriakenya.com/product/bw-under-the-sea-animal-word-sticker-ast1-4/
Alka My First Board book Numbers,Books,KShs,660.00,https://nuriakenya.com/product/bw-under-the-sea-animal-word-sticker-ast1-4/
Alka My First Board book Fruits,Books,KShs,660.00,https://nuriakenya.com/product/bw-under-the-sea-animal-word-sticker-ast1-4/
Wedding Dress (Steel),Books,KShs,"1,900.00",https://nuriakenya.com/product/bw-under-the-sea-animal-word-sticker-ast1-4/
RIY with LB Lvl 1 Peppa pig Fun at th...,Books,KShs,710.00,https://nuriakenya.com/product/bw-under-the-sea-animal-word-sticker-ast1-4/
RIY with LB Lvl 2 Peppa pig Camping Trip,Books,KShs,710.00,https://nuriakenya.com/product/riy-with-lb-lvl-2-peppa-pig-camping-trip/
RIY with Ladybird Level 2 Going on Ho...,Books,KShs,710.00,https://nuriakenya.com/product/riy-with-lb-lvl-2-peppa-pig-camping-trip/
RIY with LB Lvl 2 Daddy Pig’s O...,Books,KShs,710.00,https://nuriakenya.com/product/riy-with-lb-lvl-2-peppa-pig-camping-trip/
Dot to Dot in Colours (Dark Green),Books,KShs,610.00,https://nuriakenya.com/product/riy-with-lb-lvl-2-peppa-pig-camping-trip/
Magic tree house #23: High time for h...,Children's Books,KShs,900.00,https://nuriakenya.com/product/riy-with-lb-lvl-2-peppa-pig-camping-trip/
Dork Diaries: Spectacular Superstar,Books,KShs,"1,410.00",https://nuriakenya.com/product/riy-with-lb-lvl-2-peppa-pig-camping-trip/
Fun with Crayons – 1,Books,KShs,660.00,https://nuriakenya.com/product/riy-with-lb-lvl-2-peppa-pig-camping-trip/
Magic Tree House #20: Perfect Time fo...,Children's Books,KShs,900.00,https://nuriakenya.com/product/riy-with-lb-lvl-2-peppa-pig-camping-trip/
Magic Tree House 23 Twister On Tuesday,Books,KShs,900.00,https://nuriakenya.com/product/riy-with-lb-lvl-2-peppa-pig-camping-trip/
Kate the Kitten,Books,KShs,710.00,https://nuriakenya.com/product/riy-with-lb-lvl-2-peppa-pig-camping-trip/
Peter and the Wolf – Read it yo...,Books,KShs,710.00,https://nuriakenya.com/product/riy-with-lb-lvl-2-peppa-pig-camping-trip/
The Fox and the Ghost King,Children's Books,KShs,"1,700.00",https://nuriakenya.com/product/riy-with-lb-lvl-2-peppa-pig-camping-trip/
Unicorns Play Pack,Books,KShs,810.00,https://nuriakenya.com/product/riy-with-lb-lvl-2-peppa-pig-camping-trip/
Magic Tree House Merlin Mission #10: ...,Children's Books,KShs,900.00,https://nuriakenya.com/product/riy-with-lb-lvl-2-peppa-pig-camping-trip/
Magic tree house #12: Eve of the Empe...,Children's Books,KShs,900.00,https://nuriakenya.com/product/riy-with-lb-lvl-2-peppa-pig-camping-trip/
Magic Tree House #13: Moonlight On Th...,Children's Books,KShs,900.00,https://nuriakenya.com/product/riy-with-lb-lvl-2-peppa-pig-camping-trip/
Magic Tree House #44: A Ghost Tale Fo...,Books,KShs,900.00,https://nuriakenya.com/product/riy-with-lb-lvl-2-peppa-pig-camping-trip/
Water: Read it yourself with Ladybird...,Books,KShs,710.00,https://nuriakenya.com/product/riy-with-lb-lvl-2-peppa-pig-camping-trip/
Wonder (Palacio),Books,KShs,"1,600.00",https://nuriakenya.com/product/riy-with-lb-lvl-2-peppa-pig-camping-trip/
"African birds: To read, colour and keep",Books,KShs,"1,400.00",https://nuriakenya.com/product/riy-with-lb-lvl-2-peppa-pig-camping-trip/
Magic Tree House #21: Stallion By Sta...,Children's Books,KShs,900.00,https://nuriakenya.com/product/magic-tree-house-21-stallion-by-starlight/
Magic Tree House # 21 Civil War On Su...,Children's Books,KShs,900.00,https://nuriakenya.com/product/magic-tree-house-21-stallion-by-starlight/
Magic Tree House #25: Stage Fright on...,Children's Books,KShs,900.00,https://nuriakenya.com/product/magic-tree-house-21-stallion-by-starlight/
Smart Kids Sticker Reptiles,Books,KShs,710.00,https://nuriakenya.com/product/magic-tree-house-21-stallion-by-starlight/
The Extraordinary Life of Greta Thunberg,Books,KShs,"1,300.00",https://nuriakenya.com/product/magic-tree-house-21-stallion-by-starlight/
The Moment of Lift: How Empowering Wo...,Books,KShs,"1,890.00",https://nuriakenya.com/product/magic-tree-house-21-stallion-by-starlight/
The Longest Whale Song,Books,KShs,"1,110.00",https://nuriakenya.com/product/magic-tree-house-21-stallion-by-starlight/
Thumbelina – Read it yourself w...,Books,KShs,710.00,https://nuriakenya.com/product/magic-tree-house-21-stallion-by-starlight/
Tammy’s Truck,Books,KShs,760.00,https://nuriakenya.com/product/magic-tree-house-21-stallion-by-starlight/
Magic Tree House #27: Thanksgiving on...,Children's Books,KShs,900.00,https://nuriakenya.com/product/magic-tree-house-21-stallion-by-starlight/
Our Solar System – Read It Your...,Books,KShs,710.00,https://nuriakenya.com/product/magic-tree-house-21-stallion-by-starlight/
Peppa Pig: Peppa’s First Glasse...,Books,KShs,710.00,https://nuriakenya.com/product/magic-tree-house-21-stallion-by-starlight/
Listen to the Moon,Books,KShs,"1,700.00",https://nuriakenya.com/product/magic-tree-house-21-stallion-by-starlight/
Magic Tree House #43 Leprechaun In La...,Books,KShs,900.00,https://nuriakenya.com/product/magic-tree-house-21-stallion-by-starlight/
Magic Tree House #17 : Crazy day with...,Children's Books,KShs,900.00,https://nuriakenya.com/product/magic-tree-house-21-stallion-by-starlight/
Mahabharata for Children,Children's Books,KShs,"1,860.00",https://nuriakenya.com/product/magic-tree-house-21-stallion-by-starlight/
Hair Love: Based on the Oscar-Winning...,Books,KShs,"1,160.00",https://nuriakenya.com/product/magic-tree-house-21-stallion-by-starlight/
A Dog’s Promise,Books,KShs,"1,310.00",https://nuriakenya.com/product/magic-tree-house-21-stallion-by-starlight/
Peppa Pig: First Sleepover – Re...,Books,KShs,710.00,https://nuriakenya.com/product/magic-tree-house-21-stallion-by-starlight/
Magic Tree House #18: Buffalo Before ...,Children's Books,KShs,900.00,https://nuriakenya.com/product/magic-tree-house-21-stallion-by-starlight/
Emergency Rescue – Read It Your...,Books,KShs,710.00,https://nuriakenya.com/product/emergency-rescue-read-it-yourself-with-ladybird-non-fiction-level-2/
Baby’s Very First Noisy Book Zoo,Children's Books,KShs,"1,960.00",https://nuriakenya.com/product/emergency-rescue-read-it-yourself-with-ladybird-non-fiction-level-2/
Jungle Play Pad,Books,KShs,"1,360.00",https://nuriakenya.com/product/emergency-rescue-read-it-yourself-with-ladybird-non-fiction-level-2/
Wean in 15: Up-to-date Advice and 100...,Books,KShs,"2,200.00",https://nuriakenya.com/product/emergency-rescue-read-it-yourself-with-ladybird-non-fiction-level-2/
Magnus Chase and the Hammer of Thor (...,Books,KShs,"1,600.00",https://nuriakenya.com/product/emergency-rescue-read-it-yourself-with-ladybird-non-fiction-level-2/
Child’s Play (B66KS),Books,KShs,"1,310.00",https://nuriakenya.com/product/emergency-rescue-read-it-yourself-with-ladybird-non-fiction-level-2/
The Worst Thing About My Sister,Books,KShs,"1,110.00",https://nuriakenya.com/product/emergency-rescue-read-it-yourself-with-ladybird-non-fiction-level-2/
DK-My First abc,Early Learning,KShs,"1,200.00",https://nuriakenya.com/product/emergency-rescue-read-it-yourself-with-ladybird-non-fiction-level-2/
Dinosaur Artist Pad 2443,Books,KShs,"1,500.00",https://nuriakenya.com/product/emergency-rescue-read-it-yourself-with-ladybird-non-fiction-level-2/
Peppa Pig: Playing Football – R...,Books,KShs,710.00,https://nuriakenya.com/product/emergency-rescue-read-it-yourself-with-ladybird-non-fiction-level-2/
"Magic Tree House #22: Hurry Up, Houdini!",Children's Books,KShs,900.00,https://nuriakenya.com/product/emergency-rescue-read-it-yourself-with-ladybird-non-fiction-level-2/
Seeking Religion: The Buddhist Experi...,Books,KShs,"1,760.00",https://nuriakenya.com/product/emergency-rescue-read-it-yourself-with-ladybird-non-fiction-level-2/
Seeking Religion: The Muslim Experien...,Books,KShs,"1,760.00",https://nuriakenya.com/product/emergency-rescue-read-it-yourself-with-ladybird-non-fiction-level-2/
Dog Man: And Cat Kid (SoftBack),Books,KShs,"2,160.00",https://nuriakenya.com/product/emergency-rescue-read-it-yourself-with-ladybird-non-fiction-level-2/
I am Change,Books,KShs,"1,400.00",https://nuriakenya.com/product/emergency-rescue-read-it-yourself-with-ladybird-non-fiction-level-2/
C & R Assorted Children PB 200,Books,KShs,710.00,https://nuriakenya.com/product/emergency-rescue-read-it-yourself-with-ladybird-non-fiction-level-2/
Queenex: Let’s Start Pasting ...,Books,KShs,830.00,https://nuriakenya.com/product/emergency-rescue-read-it-yourself-with-ladybird-non-fiction-level-2/
BW- Noah’s Ark,Children's Books,KShs,"1,310.00",https://nuriakenya.com/product/emergency-rescue-read-it-yourself-with-ladybird-non-fiction-level-2/
Jolly Phonics activity book 6 with st...,Books,KShs,"1,500.00",https://nuriakenya.com/product/emergency-rescue-read-it-yourself-with-ladybird-non-fiction-level-2/
My theatre book: Peter Pan (NPP),Books,KShs,"1,310.00",https://nuriakenya.com/product/emergency-rescue-read-it-yourself-with-ladybird-non-fiction-level-2/
How to think activity book: Leo ni le...,Books,KShs,720.00,https://nuriakenya.com/product/how-to-think-activity-book-leo-ni-leo-1/
My Dot to Dot Book 1,Books,KShs,720.00,https://nuriakenya.com/product/how-to-think-activity-book-leo-ni-leo-1/
Activity book series: how strange,Books,KShs,720.00,https://nuriakenya.com/product/how-to-think-activity-book-leo-ni-leo-1/
Activity book series: Can you see 1 (...,Books,KShs,630.00,https://nuriakenya.com/product/how-to-think-activity-book-leo-ni-leo-1/
BW- I Love Magical Princess Stories M...,Children's Books,KShs,"1,900.00",https://nuriakenya.com/product/how-to-think-activity-book-leo-ni-leo-1/
Activity book series: What will I wea...,Books,KShs,742.00,https://nuriakenya.com/product/how-to-think-activity-book-leo-ni-leo-1/
Dinosaur adventures NPP,Books,KShs,910.00,https://nuriakenya.com/product/how-to-think-activity-book-leo-ni-leo-1/
BW-My Little Board Book Treasure Anim...,Children's Books,KShs,"1,700.00",https://nuriakenya.com/product/how-to-think-activity-book-leo-ni-leo-1/
Spaceships Doodle Colouring Book (NPP),Books,KShs,910.00,https://nuriakenya.com/product/how-to-think-activity-book-leo-ni-leo-1/
Monsters Doodle colouring book (NPP),Books,KShs,910.00,https://nuriakenya.com/product/how-to-think-activity-book-leo-ni-leo-1/
Bw-Two Minute Fairy tales Animals,Children's Books,KShs,"1,310.00",https://nuriakenya.com/product/how-to-think-activity-book-leo-ni-leo-1/
BW My First Big Read with me Book BIG...,Books,KShs,"1,900.00",https://nuriakenya.com/product/how-to-think-activity-book-leo-ni-leo-1/
BW Now I Can Read Stories for Girls N...,Books,KShs,"1,310.00",https://nuriakenya.com/product/how-to-think-activity-book-leo-ni-leo-1/
BW My First Big Read with me Book BIG...,Books,KShs,"1,900.00",https://nuriakenya.com/product/how-to-think-activity-book-leo-ni-leo-1/
BW Now I Can Read Stories for Girls N...,Books,KShs,"1,310.00",https://nuriakenya.com/product/how-to-think-activity-book-leo-ni-leo-1/
Usborne Book & Jigsaw Dinosaurs,Books,KShs,"2,160.00",https://nuriakenya.com/product/how-to-think-activity-book-leo-ni-leo-1/
BW Now I Can Read Stories for Boys NC...,Books,KShs,"1,310.00",https://nuriakenya.com/product/how-to-think-activity-book-leo-ni-leo-1/
Alka 121 Grandpa Stories,Books,KShs,"1,010.00",https://nuriakenya.com/product/how-to-think-activity-book-leo-ni-leo-1/
"Scarface Claw, Hold Tight",Picture Books,KShs,910.00,https://nuriakenya.com/product/how-to-think-activity-book-leo-ni-leo-1/
Alka Learn To Write Numbers 1-20,Children's Books,KShs,710.00,https://nuriakenya.com/product/how-to-think-activity-book-leo-ni-leo-1/
Alka Learn To Write Numbers 1-50,Children's Books,KShs,710.00,https://nuriakenya.com/product/alka-learn-to-write-numbers-1-50/
Alka Learn To Write Numbers 1-100,Children's Books,KShs,710.00,https://nuriakenya.com/product/alka-learn-to-write-numbers-1-50/
RIY with LB Level 4 Rainforests,Books,KShs,710.00,https://nuriakenya.com/product/alka-learn-to-write-numbers-1-50/
RIY with LB Level 3 What is it made of?,Books,KShs,710.00,https://nuriakenya.com/product/alka-learn-to-write-numbers-1-50/
RIY with LB Level 4 the Human Body,Books,KShs,710.00,https://nuriakenya.com/product/alka-learn-to-write-numbers-1-50/
RIY with LB Level 3 Ancient Egypt,Books,KShs,710.00,https://nuriakenya.com/product/alka-learn-to-write-numbers-1-50/
RIY with LB Level 3 Recycling,Books,KShs,710.00,https://nuriakenya.com/product/alka-learn-to-write-numbers-1-50/
Happy at the Market,Books,KShs,760.00,https://nuriakenya.com/product/alka-learn-to-write-numbers-1-50/
Drawing and Painting with Water Solub...,Books,KShs,"2,600.00",https://nuriakenya.com/product/alka-learn-to-write-numbers-1-50/
I Can Count to 100 (MBI),Books,KShs,"1,200.00",https://nuriakenya.com/product/alka-learn-to-write-numbers-1-50/
Rainbow Colouring Set 3273,Children's Books,KShs,810.00,https://nuriakenya.com/product/alka-learn-to-write-numbers-1-50/
Alka Bumper Colouring Book (2×2)...,Books,KShs,860.00,https://nuriakenya.com/product/alka-learn-to-write-numbers-1-50/
Captain Underpants And The Revolting ...,Children's Books,KShs,"1,500.00",https://nuriakenya.com/product/alka-learn-to-write-numbers-1-50/
Captain Underpants And The Terrifying...,Books,KShs,"1,500.00",https://nuriakenya.com/product/alka-learn-to-write-numbers-1-50/
The Ice monster (PB),Books,KShs,"1,700.00",https://nuriakenya.com/product/alka-learn-to-write-numbers-1-50/
Alka Learn to Write Capital letters,Books,KShs,710.00,https://nuriakenya.com/product/alka-learn-to-write-numbers-1-50/
DK-My First Body,Books,KShs,"1,200.00",https://nuriakenya.com/product/alka-learn-to-write-numbers-1-50/
DK-My First 1 2 3,Books,KShs,"1,200.00",https://nuriakenya.com/product/alka-learn-to-write-numbers-1-50/
DK-My First Animals,Books,KShs,"1,200.00",https://nuriakenya.com/product/alka-learn-to-write-numbers-1-50/
DK-My First Numbers and Counting Pict...,Books,KShs,"1,410.00",https://nuriakenya.com/product/alka-learn-to-write-numbers-1-50/
DK-My First Colours and Shapes Pictur...,Books,KShs,"1,410.00",https://nuriakenya.com/product/dk-my-first-colours-and-shapes-picture-cards/
Noggin and the Storks,Books,KShs,610.00,https://nuriakenya.com/product/dk-my-first-colours-and-shapes-picture-cards/
Nogbad and the Elephants,Books,KShs,610.00,https://nuriakenya.com/product/dk-my-first-colours-and-shapes-picture-cards/
Usborne My First Encyclopedia,Books,KShs,"3,100.00",https://nuriakenya.com/product/dk-my-first-colours-and-shapes-picture-cards/
Loving (River),Books,KShs,"1,110.00",https://nuriakenya.com/product/dk-my-first-colours-and-shapes-picture-cards/
The Chamber (River),Books,KShs,"1,310.00",https://nuriakenya.com/product/dk-my-first-colours-and-shapes-picture-cards/
Run Away: from `the modern master of ...,Books,KShs,"1,110.00",https://nuriakenya.com/product/dk-my-first-colours-and-shapes-picture-cards/
Queenex Tamed by Trees and Other Stories,Books,KShs,805.00,https://nuriakenya.com/product/dk-my-first-colours-and-shapes-picture-cards/
Queenex Nick Learns We Can Enjoy School,Books,KShs,800.00,https://nuriakenya.com/product/dk-my-first-colours-and-shapes-picture-cards/
Science Bug International Workbook Se...,Books,KShs,810.00,https://nuriakenya.com/product/dk-my-first-colours-and-shapes-picture-cards/
Science Bug International Workbook Ch...,Books,KShs,810.00,https://nuriakenya.com/product/dk-my-first-colours-and-shapes-picture-cards/
Science Bug International Workbook Gr...,Books,KShs,810.00,https://nuriakenya.com/product/dk-my-first-colours-and-shapes-picture-cards/
Science Bug International Workbook Da...,Books,KShs,810.00,https://nuriakenya.com/product/dk-my-first-colours-and-shapes-picture-cards/
Science Bug International Workbook Ou...,Books,KShs,810.00,https://nuriakenya.com/product/dk-my-first-colours-and-shapes-picture-cards/
Science Bug International Workbook Wh...,Books,KShs,810.00,https://nuriakenya.com/product/dk-my-first-colours-and-shapes-picture-cards/
Science Bug International Workbook Id...,Books,KShs,810.00,https://nuriakenya.com/product/dk-my-first-colours-and-shapes-picture-cards/
Science Bug International Workbook Ty...,Books,KShs,810.00,https://nuriakenya.com/product/dk-my-first-colours-and-shapes-picture-cards/
Play with Colours Animals,Books,KShs,660.00,https://nuriakenya.com/product/dk-my-first-colours-and-shapes-picture-cards/
Alka Alphabet,Books,KShs,660.00,https://nuriakenya.com/product/dk-my-first-colours-and-shapes-picture-cards/
Gruffalo Jumbo Colouring Pad 3185,Books,KShs,"1,400.00",https://nuriakenya.com/product/dk-my-first-colours-and-shapes-picture-cards/
Gruffalo Artist Pad 3082,Books,KShs,"1,500.00",https://nuriakenya.com/product/gruffalo-artist-pad-3082/
The Gruffalo Painting Set 3081,Books,KShs,810.00,https://nuriakenya.com/product/gruffalo-artist-pad-3082/
Winnie-the-Pooh: Love From Pooh: Mirr...,Books,KShs,710.00,https://nuriakenya.com/product/gruffalo-artist-pad-3082/
Bedtime Prayers: Pillow Book (Creative),Books,KShs,"1,510.00",https://nuriakenya.com/product/gruffalo-artist-pad-3082/
Sleep tight Bunny (Creative),Books,KShs,"1,510.00",https://nuriakenya.com/product/gruffalo-artist-pad-3082/
The Extraordinary Life of Nelson Mandela,Books,KShs,"1,300.00",https://nuriakenya.com/product/gruffalo-artist-pad-3082/
Middle School: Field Trip Fiasco: (Mi...,Books,KShs,"1,360.00",https://nuriakenya.com/product/gruffalo-artist-pad-3082/
Traction Man is Here (Red Fox),Books,KShs,"1,460.00",https://nuriakenya.com/product/gruffalo-artist-pad-3082/
Mimi ni Nani,Books,KShs,800.00,https://nuriakenya.com/product/gruffalo-artist-pad-3082/
"BW-The Big Book of How, When, Why?",Children's Books,KShs,"2,010.00",https://nuriakenya.com/product/gruffalo-artist-pad-3082/
BW-My Big book of Animals,Story Books,KShs,"2,010.00",https://nuriakenya.com/product/gruffalo-artist-pad-3082/
Chinese Cinderella (Puffin),Books,KShs,"1,500.00",https://nuriakenya.com/product/gruffalo-artist-pad-3082/
Treasury of Aesop’s Fables,Books,KShs,"1,860.00",https://nuriakenya.com/product/gruffalo-artist-pad-3082/
Tales from the Arabian Nights,Books,KShs,"1,860.00",https://nuriakenya.com/product/gruffalo-artist-pad-3082/
Visa na Vituko: Taabu za Tabu 7c,Books,KShs,823.00,https://nuriakenya.com/product/gruffalo-artist-pad-3082/
Pipo & The Poop Pile (Wakhu),Books,KShs,"1,210.00",https://nuriakenya.com/product/gruffalo-artist-pad-3082/
The Highland Falcon Thief,Children's Books,KShs,"1,760.00",https://nuriakenya.com/product/gruffalo-artist-pad-3082/
The Gruffalo’s Child (Macmillan),Children's Books,KShs,"1,500.00",https://nuriakenya.com/product/gruffalo-artist-pad-3082/
The Tower of Nero (The Trials of Apol...,Books,KShs,"1,600.00",https://nuriakenya.com/product/gruffalo-artist-pad-3082/
Wilde About the Girl (Moonraker),Books,KShs,910.00,https://nuriakenya.com/product/gruffalo-artist-pad-3082/
What she ate (Moonraker),Books,KShs,710.00,https://nuriakenya.com/product/what-she-ate-moonraker/
Amazing Life Science Activities (Moon...,Children's Books,KShs,710.00,https://nuriakenya.com/product/what-she-ate-moonraker/
Brief illustrated History of Life on ...,Children's Books,KShs,710.00,https://nuriakenya.com/product/what-she-ate-moonraker/
Courtesan (Moonraker),Books,KShs,910.00,https://nuriakenya.com/product/what-she-ate-moonraker/
Invention of Computer (MoonRaker),Children's Books,KShs,710.00,https://nuriakenya.com/product/what-she-ate-moonraker/
Super Lisu:My Super Hair,Story Books,KShs,"1,358.00",https://nuriakenya.com/product/what-she-ate-moonraker/
Erika and the Anger Mare (Macmillan),Children's Books,KShs,"1,310.00",https://nuriakenya.com/product/what-she-ate-moonraker/
Children’s Bible in Colour (NPP),Children's Books,KShs,"2,400.00",https://nuriakenya.com/product/what-she-ate-moonraker/
Alka My First Smart Learning Numbers,Books,KShs,660.00,https://nuriakenya.com/product/what-she-ate-moonraker/
Rapunzel,Books,KShs,710.00,https://nuriakenya.com/product/what-she-ate-moonraker/
All About Grasslands (Moonraker),Books,KShs,710.00,https://nuriakenya.com/product/what-she-ate-moonraker/
Flash Cards First Words FLASH07 (NPP),Books,KShs,"1,360.00",https://nuriakenya.com/product/what-she-ate-moonraker/
Sooley (PaperBack),Books,KShs,"1,660.00",https://nuriakenya.com/product/what-she-ate-moonraker/
Junior Artist: Animals (Award),Colouring & Painting Activity Books,KShs,710.00,https://nuriakenya.com/product/what-she-ate-moonraker/
Junior Artist: Unicorns,Books,KShs,710.00,https://nuriakenya.com/product/what-she-ate-moonraker/
Junior Artist: Dinosaurs,Books,KShs,710.00,https://nuriakenya.com/product/what-she-ate-moonraker/
My First Colour in-the-line Unicorns ...,Colouring & Painting Activity Books,KShs,960.00,https://nuriakenya.com/product/what-she-ate-moonraker/
Fisher-Price Numbers 1-10 Ages 4-6 3287,Price Numbers 1,KShs,810.00,https://nuriakenya.com/product/what-she-ate-moonraker/
Gruffalo Copy Colour Pad 3186,Books,KShs,910.00,https://nuriakenya.com/product/what-she-ate-moonraker/
Cambridge Primary English Workbook 3 ...,Books,KShs,"2,210.00",https://nuriakenya.com/product/what-she-ate-moonraker/
Cambridge Click Start International E...,Books,KShs,"2,260.00",https://nuriakenya.com/product/cambridge-click-start-international-edition-learners-book-5/
An animal ABC,Books,KShs,910.00,https://nuriakenya.com/product/cambridge-click-start-international-edition-learners-book-5/
"Yes, Baby ! Baby Signing",Books,KShs,"1,360.00",https://nuriakenya.com/product/cambridge-click-start-international-edition-learners-book-5/
Unicorn’s Magical Wishes Tear-P...,Children's Books,KShs,"1,110.00",https://nuriakenya.com/product/cambridge-click-start-international-edition-learners-book-5/
100 Alphabet Words Sticker Activity,Books,KShs,"1,110.00",https://nuriakenya.com/product/cambridge-click-start-international-edition-learners-book-5/
Who’s Hiding?,Books,KShs,"1,460.00",https://nuriakenya.com/product/cambridge-click-start-international-edition-learners-book-5/
Little me: Farm,Books,KShs,810.00,https://nuriakenya.com/product/cambridge-click-start-international-edition-learners-book-5/
How to find a Unicorn,Books,KShs,"1,310.00",https://nuriakenya.com/product/cambridge-click-start-international-edition-learners-book-5/
Present for Pig,Books,KShs,710.00,https://nuriakenya.com/product/cambridge-click-start-international-edition-learners-book-5/
Cambridge Checkpoint Lower Secondary ...,Books,KShs,"1,500.00",https://nuriakenya.com/product/cambridge-click-start-international-edition-learners-book-5/
Cambridge International AS Level Info...,Books,KShs,"1,960.00",https://nuriakenya.com/product/cambridge-click-start-international-edition-learners-book-5/
Kids Board Book ABC,Baby,KShs,660.00,https://nuriakenya.com/product/cambridge-click-start-international-edition-learners-book-5/
Kids Board Moral Stories: Overconfide...,Books,KShs,760.00,https://nuriakenya.com/product/cambridge-click-start-international-edition-learners-book-5/
Big Picture Board book: Colours,Books,KShs,"1,110.00",https://nuriakenya.com/product/cambridge-click-start-international-edition-learners-book-5/
Kids Board Fairy Tales: The Big Pancake,Books,KShs,810.00,https://nuriakenya.com/product/cambridge-click-start-international-edition-learners-book-5/
My Big Numbers Flash Cards Age 2+,Books,KShs,"1,210.00",https://nuriakenya.com/product/cambridge-click-start-international-edition-learners-book-5/
Art and Activity A,Children's Books,KShs,760.00,https://nuriakenya.com/product/cambridge-click-start-international-edition-learners-book-5/
Big Dot to Dot Colouring with Story D...,Books,KShs,660.00,https://nuriakenya.com/product/cambridge-click-start-international-edition-learners-book-5/
Art and Activity B,Children's Books,KShs,760.00,https://nuriakenya.com/product/cambridge-click-start-international-edition-learners-book-5/
Big Dot to Dot Colouring with Story A...,Colouring & Painting Activity Books,KShs,660.00,https://nuriakenya.com/product/cambridge-click-start-international-edition-learners-book-5/
Fun with Sticker Activity 1,Books,KShs,760.00,https://nuriakenya.com/product/fun-with-sticker-activity-1/
Fun with Sticker Activity 3,Books,KShs,760.00,https://nuriakenya.com/product/fun-with-sticker-activity-1/
Fun with Sticker Activity 4,Books,KShs,760.00,https://nuriakenya.com/product/fun-with-sticker-activity-1/
My Copy to Colour Orange,Books,KShs,760.00,https://nuriakenya.com/product/fun-with-sticker-activity-1/
My Copy to Colour Red,Books,KShs,760.00,https://nuriakenya.com/product/fun-with-sticker-activity-1/
Illustrated Bible Stories: The Birth ...,Children's Books,KShs,710.00,https://nuriakenya.com/product/fun-with-sticker-activity-1/
Illustrated Bible Stories: The Tower ...,Children's Books,KShs,710.00,https://nuriakenya.com/product/fun-with-sticker-activity-1/
Great Human Who Changed the World: Je...,Books,KShs,710.00,https://nuriakenya.com/product/fun-with-sticker-activity-1/
Great Human who Changed the World: Bi...,Children's Books,KShs,710.00,https://nuriakenya.com/product/fun-with-sticker-activity-1/
Illustrated Bible Stories: Sacrifice ...,Children's Books,KShs,710.00,https://nuriakenya.com/product/fun-with-sticker-activity-1/
Great Human Who Changed World: Mark Z...,Books,KShs,710.00,https://nuriakenya.com/product/fun-with-sticker-activity-1/
Great Human Who Changed the World: St...,Books,KShs,710.00,https://nuriakenya.com/product/fun-with-sticker-activity-1/
Illustrated Bible Stories: Crossing t...,Children's Books,KShs,710.00,https://nuriakenya.com/product/fun-with-sticker-activity-1/
Illustrated Bible Stories: Jesus calm...,Children's Books,KShs,710.00,https://nuriakenya.com/product/fun-with-sticker-activity-1/
Illustrated Bible Stories: Jesus̵...,Children's Books,KShs,710.00,https://nuriakenya.com/product/fun-with-sticker-activity-1/
Illustrated Bible Stories: Jesus Heal...,Children's Books,KShs,710.00,https://nuriakenya.com/product/fun-with-sticker-activity-1/
Baby Animal Story: Puppy’s Day Out,Children's Books,KShs,710.00,https://nuriakenya.com/product/fun-with-sticker-activity-1/
Baby Animal Story: Baby Hippo,Books,KShs,710.00,https://nuriakenya.com/product/fun-with-sticker-activity-1/
Kids Board Fairy Tales: The Three Lit...,Books,KShs,810.00,https://nuriakenya.com/product/fun-with-sticker-activity-1/
Kids Board Fairy: Tales Pinocchio,Books,KShs,810.00,https://nuriakenya.com/product/fun-with-sticker-activity-1/
Kids Board Fairy Tales: Sly Fox and L...,Books,KShs,810.00,https://nuriakenya.com/product/kids-board-fairy-tales-sly-fox-and-little-red-hen/
Computers Our Lifeline 4,Books,KShs,910.00,https://nuriakenya.com/product/kids-board-fairy-tales-sly-fox-and-little-red-hen/
Computers Our LifeLine A,Books,KShs,760.00,https://nuriakenya.com/product/kids-board-fairy-tales-sly-fox-and-little-red-hen/
Kids Board Fairy Tales: Aladdin and t...,Books,KShs,810.00,https://nuriakenya.com/product/kids-board-fairy-tales-sly-fox-and-little-red-hen/
"Creative Strokes Drawing, Colouring a...",Books,KShs,760.00,https://nuriakenya.com/product/kids-board-fairy-tales-sly-fox-and-little-red-hen/
Kids Board Fairy Tales: Goldilocks an...,Books,KShs,810.00,https://nuriakenya.com/product/kids-board-fairy-tales-sly-fox-and-little-red-hen/
My Big Alphabet Flash Cards Age 2+,Books,KShs,"1,210.00",https://nuriakenya.com/product/kids-board-fairy-tales-sly-fox-and-little-red-hen/
Computers Our Lifeline 3,Books,KShs,910.00,https://nuriakenya.com/product/kids-board-fairy-tales-sly-fox-and-little-red-hen/
Computers Our LifeLine B,Children's Books,KShs,760.00,https://nuriakenya.com/product/kids-board-fairy-tales-sly-fox-and-little-red-hen/
Illustrated Bible stories: The Tempta...,Children's Books,KShs,710.00,https://nuriakenya.com/product/kids-board-fairy-tales-sly-fox-and-little-red-hen/
Illustrated Bible stories: The Judgme...,Spirituality & Beliefs,KShs,710.00,https://nuriakenya.com/product/kids-board-fairy-tales-sly-fox-and-little-red-hen/
"Creative strokes Drawing, Colouring a...",Colouring & Painting Activity Books,KShs,760.00,https://nuriakenya.com/product/kids-board-fairy-tales-sly-fox-and-little-red-hen/
World Famous Fairy Tales: Selfish Giant,Books,KShs,660.00,https://nuriakenya.com/product/kids-board-fairy-tales-sly-fox-and-little-red-hen/
My Copy to Colour Pink,Books,KShs,760.00,https://nuriakenya.com/product/kids-board-fairy-tales-sly-fox-and-little-red-hen/
World Famous Fairy Tales: Sindbad and...,Books,KShs,660.00,https://nuriakenya.com/product/kids-board-fairy-tales-sly-fox-and-little-red-hen/
World Famous Fairy Tales: Three Wishes,Books,KShs,660.00,https://nuriakenya.com/product/kids-board-fairy-tales-sly-fox-and-little-red-hen/
World Famous Fairy Tales: Three Billy...,Books,KShs,660.00,https://nuriakenya.com/product/kids-board-fairy-tales-sly-fox-and-little-red-hen/
Fun with Sticker Activity 2,Books,KShs,760.00,https://nuriakenya.com/product/kids-board-fairy-tales-sly-fox-and-little-red-hen/
World Famous Fairy Tales: King Midas ...,Books,KShs,660.00,https://nuriakenya.com/product/kids-board-fairy-tales-sly-fox-and-little-red-hen/
World Famous Fairy Tales: Snow White ...,Books,KShs,660.00,https://nuriakenya.com/product/kids-board-fairy-tales-sly-fox-and-little-red-hen/
Illustrated Bible stories: Jesus Feed...,Children's Books,KShs,710.00,https://nuriakenya.com/product/illustrated-bible-stories-jesus-feeds-thousands/
Illustrated Bible stories: The Prodig...,Children's Books,KShs,710.00,https://nuriakenya.com/product/illustrated-bible-stories-jesus-feeds-thousands/
Preschool Reader for Beginners: Lion ...,Books,KShs,710.00,https://nuriakenya.com/product/illustrated-bible-stories-jesus-feeds-thousands/
Preschool Reader for Beginners: Fox a...,Books,KShs,710.00,https://nuriakenya.com/product/illustrated-bible-stories-jesus-feeds-thousands/
Preschool Reader for Beginners: Lion ...,Books,KShs,710.00,https://nuriakenya.com/product/illustrated-bible-stories-jesus-feeds-thousands/
Preschool Reader for Beginners: Lion ...,Books,KShs,710.00,https://nuriakenya.com/product/illustrated-bible-stories-jesus-feeds-thousands/
Preschool Reader for Beginners: First...,Books,KShs,710.00,https://nuriakenya.com/product/illustrated-bible-stories-jesus-feeds-thousands/
Preschool Reader for Beginners: Greed...,Books,KShs,710.00,https://nuriakenya.com/product/illustrated-bible-stories-jesus-feeds-thousands/
Preschool Reader for Beginners: Harry...,Books,KShs,710.00,https://nuriakenya.com/product/illustrated-bible-stories-jesus-feeds-thousands/
Preschool Reader for Beginners: Unhel...,Books,KShs,710.00,https://nuriakenya.com/product/illustrated-bible-stories-jesus-feeds-thousands/
Preschool Reader for Beginners: Helpi...,Books,KShs,710.00,https://nuriakenya.com/product/illustrated-bible-stories-jesus-feeds-thousands/
Preschool Reader for Beginners: Fox-Cubs,Books,KShs,710.00,https://nuriakenya.com/product/illustrated-bible-stories-jesus-feeds-thousands/
Preschool Reader for Beginners: Faith...,Books,KShs,710.00,https://nuriakenya.com/product/illustrated-bible-stories-jesus-feeds-thousands/
Preschool Reader for Beginners: Monke...,Books,KShs,710.00,https://nuriakenya.com/product/illustrated-bible-stories-jesus-feeds-thousands/
"Allegiant (Divergent Trilogy, Book 3)",Books,KShs,"1,660.00",https://nuriakenya.com/product/illustrated-bible-stories-jesus-feeds-thousands/
"Divergent (Divergent Trilogy, Book 1)",Books,KShs,"1,760.00",https://nuriakenya.com/product/illustrated-bible-stories-jesus-feeds-thousands/
"Insurgent (Divergent Trilogy, Book 2)",Books,KShs,"1,660.00",https://nuriakenya.com/product/illustrated-bible-stories-jesus-feeds-thousands/
BW-Two Minute tales Bedtime,Picture Storybooks,KShs,"1,310.00",https://nuriakenya.com/product/illustrated-bible-stories-jesus-feeds-thousands/
My Copy to Colour Blue (Manoj),Books,KShs,760.00,https://nuriakenya.com/product/illustrated-bible-stories-jesus-feeds-thousands/
Alka Moral Stories (Assorted 6),Books,KShs,660.00,https://nuriakenya.com/product/illustrated-bible-stories-jesus-feeds-thousands/
Alka Numbers,Books,KShs,660.00,https://nuriakenya.com/product/alka-numbers/
Alka Phonics Fun with Words,Books,KShs,710.00,https://nuriakenya.com/product/alka-numbers/
Alka Shapes and Colours,Books,KShs,660.00,https://nuriakenya.com/product/alka-numbers/
The Human Body,Books,KShs,"1,110.00",https://nuriakenya.com/product/alka-numbers/
"Dinos, Dragons, Monsters and More!",Colouring & Painting Activity Books,KShs,"1,510.00",https://nuriakenya.com/product/alka-numbers/
A First Book of Fairy Tales,Books,KShs,"1,310.00",https://nuriakenya.com/product/alka-numbers/
Growing Up,Books,KShs,"1,300.00",https://nuriakenya.com/product/alka-numbers/
Oxford International Student’s ...,Books,KShs,"3,260.00",https://nuriakenya.com/product/alka-numbers/
Amka! Little Lele,Books,KShs,960.00,https://nuriakenya.com/product/alka-numbers/
Ballerina Bag of Fun,Books,KShs,910.00,https://nuriakenya.com/product/alka-numbers/
Hide-and-Seek In the Jungle,Children's Books,KShs,960.00,https://nuriakenya.com/product/alka-numbers/
My First Things That Go,Books,KShs,"1,400.00",https://nuriakenya.com/product/alka-numbers/
My First Animals,Books,KShs,"1,400.00",https://nuriakenya.com/product/alka-numbers/
Unicorns & Magical Creatures,Books,KShs,"1,000.00",https://nuriakenya.com/product/alka-numbers/
Create Your Own Unicorn Party,Books,KShs,"1,500.00",https://nuriakenya.com/product/alka-numbers/
Positive Colouring,Books,KShs,"1,310.00",https://nuriakenya.com/product/alka-numbers/
Super Cute Unicorns Colouring,Books,KShs,"1,960.00",https://nuriakenya.com/product/alka-numbers/
My First Numbers,Books,KShs,"1,460.00",https://nuriakenya.com/product/alka-numbers/
My First Animals,Books,KShs,"1,460.00",https://nuriakenya.com/product/alka-numbers/
Magical Creatures Colouring Book,Books,KShs,860.00,https://nuriakenya.com/product/alka-numbers/
Fabulous and Sparkly Colouring Book,Colouring & Painting Activity Books,KShs,860.00,https://nuriakenya.com/product/fabulous-and-sparkly-colouring-book/
The Science of the Earth: The Secrets...,Books,KShs,"4,460.00",https://nuriakenya.com/product/fabulous-and-sparkly-colouring-book/
Create Your Own Dino Party,Books,KShs,"1,500.00",https://nuriakenya.com/product/fabulous-and-sparkly-colouring-book/
How to Stay Happy,Interactive & Activity Books & Packs,KShs,"1,160.00",https://nuriakenya.com/product/fabulous-and-sparkly-colouring-book/
Hand Lettering & Calligraphy,Books,KShs,"1,960.00",https://nuriakenya.com/product/fabulous-and-sparkly-colouring-book/
Baby Unicorn,Books,KShs,"1,000.00",https://nuriakenya.com/product/fabulous-and-sparkly-colouring-book/
Table Mat Pack: Early Learning,Books,KShs,"1,000.00",https://nuriakenya.com/product/fabulous-and-sparkly-colouring-book/
Table Mat Pack: Fantastic Facts,Books,KShs,"1,000.00",https://nuriakenya.com/product/fabulous-and-sparkly-colouring-book/
The (Nearly) Teenager’s Guide t...,Books,KShs,"1,010.00",https://nuriakenya.com/product/fabulous-and-sparkly-colouring-book/
The (Nearly) Teenage Boy’s Guid...,Books,KShs,"1,010.00",https://nuriakenya.com/product/fabulous-and-sparkly-colouring-book/
Marvellous Wordsearch,Books,KShs,860.00,https://nuriakenya.com/product/fabulous-and-sparkly-colouring-book/
BK00000007359,Books,KShs,960.00,https://nuriakenya.com/product/fabulous-and-sparkly-colouring-book/
Dress Up With Princess,Books,KShs,960.00,https://nuriakenya.com/product/fabulous-and-sparkly-colouring-book/
Explore with Unicorn and Friends,Books,KShs,"1,800.00",https://nuriakenya.com/product/fabulous-and-sparkly-colouring-book/
Explore with Dino and Friends,Books,KShs,"1,800.00",https://nuriakenya.com/product/fabulous-and-sparkly-colouring-book/
Baby Animals,Books,KShs,"1,000.00",https://nuriakenya.com/product/fabulous-and-sparkly-colouring-book/
African Wildlife Colouring Book (Read...,Art,KShs,"1,500.00",https://nuriakenya.com/product/fabulous-and-sparkly-colouring-book/
Magic Tree House: A Big Day for Baseb...,Children's Books,KShs,900.00,https://nuriakenya.com/product/fabulous-and-sparkly-colouring-book/
She Persisted: Malala Yousafzai,Biographies,KShs,900.00,https://nuriakenya.com/product/fabulous-and-sparkly-colouring-book/
Magic Tree House #8: Night of the Nin...,Children's Books,KShs,900.00,https://nuriakenya.com/product/fabulous-and-sparkly-colouring-book/
Magic Tree House #14: Day of the Drag...,Children's Books,KShs,900.00,https://nuriakenya.com/product/magic-tree-house-14-day-of-the-dragon-king/
Inner Harbour,Books,KShs,"1,110.00",https://nuriakenya.com/product/magic-tree-house-14-day-of-the-dragon-king/
Amani and the African Dinosaurs,Books,KShs,910.00,https://nuriakenya.com/product/magic-tree-house-14-day-of-the-dragon-king/
Sticker Activity Book Assorted (NPP),Books,KShs,710.00,https://nuriakenya.com/product/magic-tree-house-14-day-of-the-dragon-king/
The Circle Breakers,Fiction,KShs,"1,760.00",https://nuriakenya.com/product/magic-tree-house-14-day-of-the-dragon-king/
Unicorns Scratch Art Set 3126/UNSA2,Children's Books,KShs,810.00,https://nuriakenya.com/product/magic-tree-house-14-day-of-the-dragon-king/
Usborne Book & Jigsaw Under the Sea,Books,KShs,"2,160.00",https://nuriakenya.com/product/magic-tree-house-14-day-of-the-dragon-king/
Usborne Book & Jigsaw at the Zoo,Children's Books,KShs,"2,160.00",https://nuriakenya.com/product/magic-tree-house-14-day-of-the-dragon-king/
Poppy and Sam’s Rubber Stamp Ac...,Children's Books,KShs,"2,100.00",https://nuriakenya.com/product/magic-tree-house-14-day-of-the-dragon-king/
Usborne Book and Jigsaw: Tree of Life,Children's Books,KShs,"2,160.00",https://nuriakenya.com/product/magic-tree-house-14-day-of-the-dragon-king/
The Girl who Speaks Bear,Children's Books,,,https://nuriakenya.com/product/magic-tree-house-14-day-of-the-dragon-king/
Usborne 100 Children’s Crosswor...,Children's Books,KShs,"1,460.00",https://nuriakenya.com/product/magic-tree-house-14-day-of-the-dragon-king/
Unicorns Sticker Fun (Alligator),Books,KShs,810.00,https://nuriakenya.com/product/magic-tree-house-14-day-of-the-dragon-king/
Barbie Colouring Set 3468/BACS,Colouring & Painting Activity Books,KShs,810.00,https://nuriakenya.com/product/magic-tree-house-14-day-of-the-dragon-king/
French First 1000 Words,Books,KShs,"1,060.00",https://nuriakenya.com/product/magic-tree-house-14-day-of-the-dragon-king/
First 500 Words: English–French,Books,KShs,"1,260.00",https://nuriakenya.com/product/magic-tree-house-14-day-of-the-dragon-king/
Famous Five: Five on a Secret Trail L...,Young Adults & Teenage Series,KShs,"1,100.00",https://nuriakenya.com/product/magic-tree-house-14-day-of-the-dragon-king/
Ghosts of the Shadow Market,Books,KShs,"1,700.00",https://nuriakenya.com/product/magic-tree-house-14-day-of-the-dragon-king/
Geek Girl Book 4: All that Glitters,Books,KShs,"1,760.00",https://nuriakenya.com/product/magic-tree-house-14-day-of-the-dragon-king/
Geek Girl Book 1,Books,KShs,"1,760.00",https://nuriakenya.com/product/magic-tree-house-14-day-of-the-dragon-king/
The Undefeated (Kwame),Books,KShs,"1,760.00",https://nuriakenya.com/product/the-undefeated-kwame/
New Kid: Middle School is Hard Enough...,Children's Books,KShs,"2,460.00",https://nuriakenya.com/product/the-undefeated-kwame/
Class Act: When School Gets Real (Har...,Children's Books,KShs,"2,460.00",https://nuriakenya.com/product/the-undefeated-kwame/
Booked: Graphic Novel (Andersen) Kwame,Children's Books,KShs,"2,260.00",https://nuriakenya.com/product/the-undefeated-kwame/
The Crossover Graphic Novel (Kwame),Children's Books,KShs,"2,260.00",https://nuriakenya.com/product/the-undefeated-kwame/
The Worries: Leo Says Goodbye,Books,KShs,"1,310.00",https://nuriakenya.com/product/the-undefeated-kwame/
Small Worlds,Books,KShs,"2,460.00",https://nuriakenya.com/product/the-undefeated-kwame/
White Bird: A Wonder Story,Books,KShs,"1,700.00",https://nuriakenya.com/product/the-undefeated-kwame/
Project Fairy: Discover a brand new m...,Books,KShs,"1,600.00",https://nuriakenya.com/product/the-undefeated-kwame/
When You Get The Chance,Books,KShs,"1,860.00",https://nuriakenya.com/product/the-undefeated-kwame/
Begin Again,Books,KShs,"1,860.00",https://nuriakenya.com/product/the-undefeated-kwame/
Clean Up!,Books,KShs,"1,260.00",https://nuriakenya.com/product/the-undefeated-kwame/
The Last Graduate,Books,KShs,"1,860.00",https://nuriakenya.com/product/the-undefeated-kwame/
The Worries,Books,KShs,"1,310.00",https://nuriakenya.com/product/the-undefeated-kwame/
No Big Deal,Books,KShs,"1,760.00",https://nuriakenya.com/product/the-undefeated-kwame/
DK-Findout Animals,Books,KShs,"1,700.00",https://nuriakenya.com/product/the-undefeated-kwame/
DK-Get to know Money,Books,KShs,"2,400.00",https://nuriakenya.com/product/the-undefeated-kwame/
Teenagers’ Money Club Workbook ...,Money (Children's / Teenage),KShs,"1,800.00",https://nuriakenya.com/product/the-undefeated-kwame/
